<?xml version='1.0' encoding='UTF-8'?>
<?artifactRepository version='1.1.0'?>
<repository name='Bundle pool' type='org.eclipse.equinox.p2.artifact.repository.simpleRepository' version='1'>
  <properties size='2'>
    <property name='p2.system' value='true'/>
    <property name='p2.timestamp' value='1527264709195'/>
  </properties>
  <mappings size='3'>
    <rule filter='(&amp; (classifier=osgi.bundle))' output='${repoUrl}/plugins/${id}_${version}.jar'/>
    <rule filter='(&amp; (classifier=binary))' output='${repoUrl}/binary/${id}_${version}'/>
    <rule filter='(&amp; (classifier=org.eclipse.update.feature))' output='${repoUrl}/features/${id}_${version}.jar'/>
  </mappings>
  <artifacts size='50'>
    <artifact classifier='osgi.bundle' id='org.eclipse.core.jobs' version='3.9.3.v20180115-1757'>
      <properties size='1'>
        <property name='download.size' value='107579'/>
      </properties>
    </artifact>
    <artifact classifier='osgi.bundle' id='fr.lip6.move.gal.structural' version='1.0.0.201805241628'>
      <properties size='1'>
        <property name='download.size' value='63568'/>
      </properties>
    </artifact>
    <artifact classifier='osgi.bundle' id='fr.lip6.move.gal.nupn' version='1.0.0.201805241628'>
      <properties size='1'>
        <property name='download.size' value='8888'/>
      </properties>
    </artifact>
    <artifact classifier='osgi.bundle' id='fr.lip6.move.gal.order' version='1.0.0.201805251607'>
      <properties size='1'>
        <property name='download.size' value='16381'/>
      </properties>
    </artifact>
    <artifact classifier='osgi.bundle' id='fr.lip6.move.gal.order.greatspn' version='1.0.0.201805251607'>
      <properties size='1'>
        <property name='download.size' value='37644'/>
      </properties>
    </artifact>
    <artifact classifier='osgi.bundle' id='fr.lip6.pnml.framework.utils' version='2.2.12'>
      <properties size='1'>
        <property name='download.size' value='58941'/>
      </properties>
    </artifact>
    <artifact classifier='osgi.bundle' id='fr.lip6.pnml.framework.ptnet' version='2.2.12'>
      <properties size='1'>
        <property name='download.size' value='311681'/>
      </properties>
    </artifact>
    <artifact classifier='osgi.bundle' id='org.eclipse.core.contenttype' version='3.6.0.v20170207-1037'>
      <properties size='1'>
        <property name='download.size' value='104299'/>
      </properties>
    </artifact>
    <artifact classifier='org.eclipse.update.feature' id='fr.lip6.move.gal.itscl.feature' version='1.0.0.201805251610'>
      <properties size='1'>
        <property name='download.size' value='6055'/>
      </properties>
      <repositoryProperties size='1'>
        <property name='artifact.folder' value='true'/>
      </repositoryProperties>
    </artifact>
    <artifact classifier='osgi.bundle' id='org.eclipse.xtend.lib.macro' version='2.13.0.v20171020-0659'>
      <properties size='1'>
        <property name='download.size' value='74287'/>
      </properties>
    </artifact>
    <artifact classifier='osgi.bundle' id='org.eclipse.equinox.launcher' version='1.4.0.v20161219-1356'>
      <properties size='1'>
        <property name='download.size' value='54427'/>
      </properties>
    </artifact>
    <artifact classifier='osgi.bundle' id='fr.lip6.move.gal.cegar' version='1.0.0.201805241628'>
      <properties size='1'>
        <property name='download.size' value='40176'/>
      </properties>
    </artifact>
    <artifact classifier='osgi.bundle' id='fr.lip6.move.gal.itscl.application' version='1.0.0.201805251610'>
      <properties size='1'>
        <property name='download.size' value='7015'/>
      </properties>
    </artifact>
    <artifact classifier='osgi.bundle' id='fr.lip6.move.gal.logic' version='1.0.0.201805241628'>
      <properties size='1'>
        <property name='download.size' value='325555'/>
      </properties>
    </artifact>
    <artifact classifier='osgi.bundle' id='org.antlr.runtime' version='3.2.0.v201101311130'>
      <properties size='1'>
        <property name='download.size' value='214589'/>
      </properties>
    </artifact>
    <artifact classifier='osgi.bundle' id='fr.lip6.move.gal.pnml.togal' version='1.0.0.201805241628'>
      <properties size='1'>
        <property name='download.size' value='36933'/>
      </properties>
    </artifact>
    <artifact classifier='osgi.bundle' id='com.google.guava' version='21.0.0.v20170206-1425'>
      <properties size='1'>
        <property name='download.size' value='2675014'/>
      </properties>
    </artifact>
    <artifact classifier='osgi.bundle' id='org.eclipse.core.runtime' version='3.13.0.v20170207-1030'>
      <properties size='1'>
        <property name='download.size' value='75827'/>
      </properties>
    </artifact>
    <artifact classifier='osgi.bundle' id='fr.lip6.pnml.framework.symmetricnet' version='2.2.12'>
      <properties size='1'>
        <property name='download.size' value='1542898'/>
      </properties>
    </artifact>
    <artifact classifier='osgi.bundle' id='fr.lip6.move.gal.pnml.togreatspn' version='1.0.0.201805251607'>
      <properties size='1'>
        <property name='download.size' value='6221'/>
      </properties>
    </artifact>
    <artifact classifier='osgi.bundle' id='fr.lip6.move.gal.logic.saxparse' version='1.0.0.201805241628'>
      <properties size='1'>
        <property name='download.size' value='10683'/>
      </properties>
    </artifact>
    <artifact classifier='osgi.bundle' id='fr.lip6.move.gal.louvain' version='1.0.0.201805241628'>
      <properties size='1'>
        <property name='download.size' value='8006'/>
      </properties>
    </artifact>
    <artifact classifier='osgi.bundle' id='fr.lip6.move.gal.itstools.binaries' version='1.0.0.201805241628'>
      <properties size='1'>
        <property name='download.size' value='17597431'/>
      </properties>
      <repositoryProperties size='1'>
        <property name='artifact.folder' value='true'/>
      </repositoryProperties>
    </artifact>
    <artifact classifier='osgi.bundle' id='fr.lip6.pnml.framework.3rdpartimports' version='2.2.12'>
      <properties size='1'>
        <property name='download.size' value='10147039'/>
      </properties>
    </artifact>
    <artifact classifier='osgi.bundle' id='org.eclipse.emf.ecore' version='2.13.0.v20170609-0707'>
      <properties size='1'>
        <property name='download.size' value='1202399'/>
      </properties>
    </artifact>
    <artifact classifier='osgi.bundle' id='org.eclipse.emf.ecore.xmi' version='2.13.0.v20170609-0707'>
      <properties size='1'>
        <property name='download.size' value='230576'/>
      </properties>
    </artifact>
    <artifact classifier='osgi.bundle' id='fr.lip6.move.gal.order.application' version='1.0.0.201805251607'>
      <properties size='1'>
        <property name='download.size' value='8347'/>
      </properties>
    </artifact>
    <artifact classifier='osgi.bundle' id='javax.xml' version='1.3.4.v201005080400'>
      <properties size='1'>
        <property name='download.size' value='252201'/>
      </properties>
    </artifact>
    <artifact classifier='osgi.bundle' id='org.eclipse.equinox.app' version='1.3.400.v20150715-1528'>
      <properties size='1'>
        <property name='download.size' value='87766'/>
      </properties>
    </artifact>
    <artifact classifier='osgi.bundle' id='javax.inject' version='1.0.0.v20091030'>
      <properties size='1'>
        <property name='download.size' value='16996'/>
      </properties>
    </artifact>
    <artifact classifier='osgi.bundle' id='fr.lip6.move.gal' version='1.0.0.201805241628'>
      <properties size='1'>
        <property name='download.size' value='921402'/>
      </properties>
    </artifact>
    <artifact classifier='osgi.bundle' id='org.eclipse.equinox.registry' version='3.7.0.v20170222-1344'>
      <properties size='1'>
        <property name='download.size' value='187348'/>
      </properties>
    </artifact>
    <artifact classifier='osgi.bundle' id='org.eclipse.equinox.launcher.gtk.linux.x86_64' version='1.1.551.v20171108-1834'>
      <properties size='1'>
        <property name='download.size' value='83332'/>
      </properties>
      <repositoryProperties size='1'>
        <property name='artifact.folder' value='true'/>
      </repositoryProperties>
    </artifact>
    <artifact classifier='osgi.bundle' id='org.eclipse.xtext.xbase.lib' version='2.13.0.v20171020-0659'>
      <properties size='1'>
        <property name='download.size' value='151160'/>
      </properties>
    </artifact>
    <artifact classifier='osgi.bundle' id='fr.lip6.move.gal.process' version='1.0.0.201805241628'>
      <properties size='1'>
        <property name='download.size' value='9545'/>
      </properties>
    </artifact>
    <artifact classifier='osgi.bundle' id='org.apache.log4j' version='1.2.15.v201012070815'>
      <properties size='1'>
        <property name='download.size' value='427943'/>
      </properties>
    </artifact>
    <artifact classifier='osgi.bundle' id='fr.lip6.move.gal.gal2pins' version='1.0.0.201805241628'>
      <properties size='1'>
        <property name='download.size' value='31347'/>
      </properties>
    </artifact>
    <artifact classifier='osgi.bundle' id='lip6.smtlib.SMT' version='1.0.0.201805241628'>
      <properties size='1'>
        <property name='download.size' value='424054'/>
      </properties>
    </artifact>
    <artifact classifier='osgi.bundle' id='fr.lip6.move.gal.pnml.saxparse' version='1.0.0.201805241628'>
      <properties size='1'>
        <property name='download.size' value='10422'/>
      </properties>
    </artifact>
    <artifact classifier='osgi.bundle' id='fr.lip6.move.gal.application.pnmcc' version='1.0.0.201805241628'>
      <properties size='1'>
        <property name='download.size' value='46432'/>
      </properties>
    </artifact>
    <artifact classifier='osgi.bundle' id='org.eclipse.equinox.common' version='3.9.0.v20170207-1454'>
      <properties size='1'>
        <property name='download.size' value='121509'/>
      </properties>
    </artifact>
    <artifact classifier='osgi.bundle' id='org.eclipse.osgi' version='3.12.100.v20180210-1608'>
      <properties size='1'>
        <property name='download.size' value='1387666'/>
      </properties>
    </artifact>
    <artifact classifier='osgi.bundle' id='org.eclipse.xtend.lib' version='2.13.0.v20171020-0659'>
      <properties size='1'>
        <property name='download.size' value='165041'/>
      </properties>
    </artifact>
    <artifact classifier='osgi.bundle' id='org.eclipse.xtext' version='2.13.0.v20171020-0708'>
      <properties size='1'>
        <property name='download.size' value='2637075'/>
      </properties>
    </artifact>
    <artifact classifier='osgi.bundle' id='org.eclipse.equinox.preferences' version='3.7.0.v20170126-2132'>
      <properties size='1'>
        <property name='download.size' value='133219'/>
      </properties>
    </artifact>
    <artifact classifier='osgi.bundle' id='fr.lip6.move.gal.louvain.binaries' version='1.0.0.201805241628'>
      <properties size='1'>
        <property name='download.size' value='372942'/>
      </properties>
      <repositoryProperties size='1'>
        <property name='artifact.folder' value='true'/>
      </repositoryProperties>
    </artifact>
    <artifact classifier='osgi.bundle' id='org.eclipse.emf.common' version='2.13.0.v20170609-0707'>
      <properties size='1'>
        <property name='download.size' value='358560'/>
      </properties>
    </artifact>
    <artifact classifier='osgi.bundle' id='com.google.inject' version='3.0.0.v201312141243'>
      <properties size='1'>
        <property name='download.size' value='520625'/>
      </properties>
    </artifact>
    <artifact classifier='osgi.bundle' id='fr.lip6.move.gal.gal2smt' version='1.0.0.201805241628'>
      <properties size='1'>
        <property name='download.size' value='63916'/>
      </properties>
    </artifact>
    <artifact classifier='osgi.bundle' id='org.eclipse.xtext.util' version='2.13.0.v20171020-0708'>
      <properties size='1'>
        <property name='download.size' value='277504'/>
      </properties>
    </artifact>
  </artifacts>
</repository>
